{"cameraMode":{"drawMode":0,"name":"Shaded","section":"Shading Mode"},"sceneLighting":true,"audioPlay":false,"sceneViewState":{"m_AlwaysRefresh":false,"showFog":true,"showSkybox":true,"showFlares":true,"showImageEffects":true,"showParticleSystems":true,"showVisualEffectGraphs":true,"m_FxEnabled":true},"in2DMode":false,"pivot":{"x":9.430864334106446,"y":5.587099552154541,"z":-7.192272186279297},"rotation":{"x":0.0704348236322403,"y":-0.014066891744732857,"z":0.0009932108223438264,"w":0.9974203109741211},"size":14.261344909667969,"orthographic":false}