{"cameraMode":{"drawMode":0,"name":"Shaded","section":"Shading Mode"},"sceneLighting":false,"audioPlay":false,"sceneViewState":{"m_AlwaysRefresh":false,"showFog":true,"showSkybox":false,"showFlares":true,"showImageEffects":true,"showParticleSystems":true,"showVisualEffectGraphs":true,"m_FxEnabled":true},"in2DMode":false,"pivot":{"x":0.10000038146972656,"y":3.0002002716064455,"z":-15.611200332641602},"rotation":{"x":0.3490593433380127,"y":0.09478197991847992,"z":-0.035522978752851489,"w":0.9315920472145081},"size":15.486798286437989,"orthographic":false}